<?xml version="1.0" encoding="UTF-8"?>
<metadata xml:lang="en"><Esri><CreaDate>20240416</CreaDate><CreaTime>16330100</CreaTime><ArcGISFormat>1.0</ArcGISFormat><SyncOnce>TRUE</SyncOnce><DataProperties><lineage><Process ToolSource="c:\program files\arcgis\pro\Resources\ArcToolbox\toolboxes\Conversion Tools.tbx\FeatureToRaster" Date="20240416" Time="163301">FeatureToRaster o_38 Final_Cost C:\Users\romeolf\Desktop\EDX_33\CostSurfaces\cost_10km_aea.tif 10000</Process></lineage><LayerFile>{"type":"CIMLayerDocument","version":"3.1.0","build":41833,"layers":["CIMPATH=map/cost_10km_aea_tif.json"],"layerDefinitions":[{"type":"CIMRasterLayer","name":"cost_10km_aea.tif","uRI":"CIMPATH=map/cost_10km_aea_tif.json","sourceModifiedTime":{"type":"TimeInstant"},"useSourceMetadata":true,"description":"cost_10km_aea.tif","layerElevation":{"type":"CIMLayerElevationSurface","elevationSurfaceLayerURI":"CIMPATH=Map/5a99ddfce8c246dc9dea204f9ae04854.json"},"expanded":true,"layerType":"Operational","showLegends":true,"visibility":true,"displayCacheType":"Permanent","maxDisplayCacheAge":5,"showPopups":true,"serviceLayerID":-1,"refreshRate":-1,"refreshRateUnit":"esriTimeUnitsSeconds","blendingMode":"Alpha","allowDrapingOnIntegratedMesh":true,"dataConnection":{"type":"CIMStandardDataConnection"},"colorizer":{"type":"CIMRasterClassifyColorizer","resamplingType":"NearestNeighbor","normalizationType":"Nothing","classBreaks":[{"type":"CIMRasterClassBreak","upperBound":1.4704384891690001,"label":"-1 - 1.47","color":{"type":"CIMRGBColor","values":[165,0,38,100]}},{"type":"CIMRasterClassBreak","upperBound":3.9408769783380002,"label":"1.471 - 3.941","color":{"type":"CIMRGBColor","values":[222.25,63.25,46,100]}},{"type":"CIMRasterClassBreak","upperBound":6.4113154675070003,"label":"3.942 - 6.411","color":{"type":"CIMRGBColor","values":[248.5,141.5,82,100]}},{"type":"CIMRasterClassBreak","upperBound":8.8817539566760004,"label":"6.412 - 8.882","color":{"type":"CIMRGBColor","values":[253.75,211.5,128.5,100]}},{"type":"CIMRasterClassBreak","upperBound":11.352192445845001,"label":"8.883 - 11.352","color":{"type":"CIMRGBColor","values":[255,255,191,100]}},{"type":"CIMRasterClassBreak","upperBound":13.822630935014001,"label":"11.353 - 13.823","color":{"type":"CIMRGBColor","values":[204.25,233.5,130.75,100]}},{"type":"CIMRasterClassBreak","upperBound":16.293069424183003,"label":"13.824 - 16.293","color":{"type":"CIMRGBColor","values":[134,203,102.5,100]}},{"type":"CIMRasterClassBreak","upperBound":18.763507913352001,"label":"16.294 - 18.764","color":{"type":"CIMRGBColor","values":[45,161.25,84.75,100]}},{"type":"CIMRasterClassBreak","upperBound":21.233946402520999,"label":"18.765 - 21.234","color":{"type":"CIMRGBColor","values":[0,104,55,100]}}],"classificationMethod":"EqualInterval","colorRamp":{"type":"CIMMultipartColorRamp","colorSpace":{"type":"CIMICCColorSpace","url":"Default RGB"},"colorRamps":[{"type":"CIMLinearContinuousColorRamp","colorSpace":{"type":"CIMICCColorSpace","url":"Default RGB"},"fromColor":{"type":"CIMRGBColor","colorSpace":{"type":"CIMICCColorSpace","url":"Default RGB"},"values":[165,0,38,100]},"toColor":{"type":"CIMRGBColor","colorSpace":{"type":"CIMICCColorSpace","url":"Default RGB"},"values":[215,48,39,100]}},{"type":"CIMLinearContinuousColorRamp","colorSpace":{"type":"CIMICCColorSpace","url":"Default RGB"},"fromColor":{"type":"CIMRGBColor","colorSpace":{"type":"CIMICCColorSpace","url":"Default RGB"},"values":[215,48,39,100]},"toColor":{"type":"CIMRGBColor","colorSpace":{"type":"CIMICCColorSpace","url":"Default RGB"},"values":[244,109,67,100]}},{"type":"CIMLinearContinuousColorRamp","colorSpace":{"type":"CIMICCColorSpace","url":"Default RGB"},"fromColor":{"type":"CIMRGBColor","colorSpace":{"type":"CIMICCColorSpace","url":"Default RGB"},"values":[244,109,67,100]},"toColor":{"type":"CIMRGBColor","colorSpace":{"type":"CIMICCColorSpace","url":"Default RGB"},"values":[253,174,97,100]}},{"type":"CIMLinearContinuousColorRamp","colorSpace":{"type":"CIMICCColorSpace","url":"Default RGB"},"fromColor":{"type":"CIMRGBColor","colorSpace":{"type":"CIMICCColorSpace","url":"Default RGB"},"values":[253,174,97,100]},"toColor":{"type":"CIMRGBColor","colorSpace":{"type":"CIMICCColorSpace","url":"Default RGB"},"values":[254,224,139,100]}},{"type":"CIMLinearContinuousColorRamp","colorSpace":{"type":"CIMICCColorSpace","url":"Default RGB"},"fromColor":{"type":"CIMRGBColor","colorSpace":{"type":"CIMICCColorSpace","url":"Default RGB"},"values":[254,224,139,100]},"toColor":{"type":"CIMRGBColor","colorSpace":{"type":"CIMICCColorSpace","url":"Default RGB"},"values":[255,255,191,100]}},{"type":"CIMLinearContinuousColorRamp","colorSpace":{"type":"CIMICCColorSpace","url":"Default RGB"},"fromColor":{"type":"CIMRGBColor","colorSpace":{"type":"CIMICCColorSpace","url":"Default RGB"},"values":[255,255,191,100]},"toColor":{"type":"CIMRGBColor","colorSpace":{"type":"CIMICCColorSpace","url":"Default RGB"},"values":[217,239,139,100]}},{"type":"CIMLinearContinuousColorRamp","colorSpace":{"type":"CIMICCColorSpace","url":"Default RGB"},"fromColor":{"type":"CIMRGBColor","colorSpace":{"type":"CIMICCColorSpace","url":"Default RGB"},"values":[217,239,139,100]},"toColor":{"type":"CIMRGBColor","colorSpace":{"type":"CIMICCColorSpace","url":"Default RGB"},"values":[166,217,106,100]}},{"type":"CIMLinearContinuousColorRamp","colorSpace":{"type":"CIMICCColorSpace","url":"Default RGB"},"fromColor":{"type":"CIMRGBColor","colorSpace":{"type":"CIMICCColorSpace","url":"Default RGB"},"values":[166,217,106,100]},"toColor":{"type":"CIMRGBColor","colorSpace":{"type":"CIMICCColorSpace","url":"Default RGB"},"values":[102,189,99,100]}},{"type":"CIMLinearContinuousColorRamp","colorSpace":{"type":"CIMICCColorSpace","url":"Default RGB"},"fromColor":{"type":"CIMRGBColor","colorSpace":{"type":"CIMICCColorSpace","url":"Default RGB"},"values":[102,189,99,100]},"toColor":{"type":"CIMRGBColor","colorSpace":{"type":"CIMICCColorSpace","url":"Default RGB"},"values":[26,152,80,100]}},{"type":"CIMLinearContinuousColorRamp","colorSpace":{"type":"CIMICCColorSpace","url":"Default RGB"},"fromColor":{"type":"CIMRGBColor","colorSpace":{"type":"CIMICCColorSpace","url":"Default RGB"},"values":[26,152,80,100]},"toColor":{"type":"CIMRGBColor","colorSpace":{"type":"CIMICCColorSpace","url":"Default RGB"},"values":[0,104,55,100]}}],"weights":[0.10000000000000001,0.10000000000000001,0.10000000000000001,0.10000000000000001,0.10000000000000001,0.10000000000000001,0.10000000000000001,0.10000000000000001,0.10000000000000001,0.10000000000000001]},"field":"VALUE","minimumBreak":-1,"showInAscendingOrder":true,"numberFormat":{"type":"CIMNumericFormat","alignmentOption":"esriAlignLeft","alignmentWidth":12,"roundingOption":"esriRoundNumberOfDecimals","roundingValue":3,"useSeparator":true}}}]}</LayerFile></DataProperties></Esri></metadata>
